<?xml version="1.0" encoding="UTF-8" standalone="yes"?>
<addon id="repository.hakimdevelopment" name="Hakim Development" version="0.0.1" provider-name="Hakim Technology">
	<extension point="xbmc.addon.repository" name="Hakim Development">
		<dir>
			<info compressed="false">https://raw.githubusercontent.com/totalrevolution/python-koding/master/zips/addons.xml</info>
			<checksum>https://raw.githubusercontent.com/totalrevolution/python-koding/master/zips/addons.xml.md5</checksum>
			<datadir zip="true">https://raw.githubusercontent.com/totalrevolution/python-koding/master/zips/</datadir>
		</dir>
		<info compressed="false">https://raw.githubusercontent.com/my_github_hakimtech/repository.hakimdevelopment/master/zips/addons.xml</info>
		<checksum>https://raw.githubusercontent.com/my_github_hakimtech/repository.hakimdevelopment/master/zips/addons.xml.md5</checksum>
		<datadir zip="true">https://raw.githubusercontent.com/my_github_hakimtech/repository.hakimdevelopment/master/zips/</datadir>
	</extension>
	<extension point="xbmc.addon.metadata">
		<summary lang="en">This repo is used for addon development</summary>
		<description lang="en">Addon Development</description>
		<genre>devtools,downloads,tech,usa</genre>
	</extension>
</addon>